City_ID,City,Country,Lat,Lng,Maximum Hemperature,Percent Humidity,Percent Cloudiness,Wind Speed,Weather description
0,Euclides Da Cunha,BR,-10.51,-39.02,61.84,99,56,6.08,light rain
1,Buarcos,PT,40.17,-8.88,62.01,93,100,8.05,overcast clouds
2,Pueblo Nuevo,MX,23.38,-105.38,59.36,72,92,6.17,overcast clouds
3,Hohhot,CN,40.81,111.65,82.4,42,40,8.95,scattered clouds
4,Yebaishou,CN,41.4,119.64,93.65,23,0,16.42,clear sky
5,Bluff,NZ,-46.6,168.33,49.84,83,100,2.24,overcast clouds
6,Bambous Virieux,MU,-20.34,57.76,72.0,64,75,17.22,broken clouds
7,Accra,GH,5.56,-0.2,75.2,83,75,9.17,broken clouds
8,Victor Harbor,AU,-35.57,138.62,55.0,83,36,1.01,scattered clouds
9,Salinopolis,BR,-0.61,-47.36,78.62,83,5,10.25,light rain
10,Tasiilaq,GL,65.61,-37.64,44.6,81,98,2.24,light rain
11,Punta Arenas,CL,-53.15,-70.92,39.2,80,100,18.34,light rain
12,Barrow,US,71.29,-156.79,33.8,86,90,11.41,mist
13,Port Alfred,ZA,-33.59,26.89,70.74,24,0,16.6,clear sky
14,Puerto Ayora,EC,-0.74,-90.35,66.99,94,32,1.99,scattered clouds
15,Yura,PE,-16.25,-71.68,54.09,39,2,1.1,clear sky
16,Haines Junction,CA,60.75,-137.51,48.97,79,6,5.73,clear sky
17,Hermanus,ZA,-34.42,19.23,57.27,71,2,11.45,clear sky
18,Bethel,US,41.37,-73.41,78.8,83,1,8.05,clear sky
19,Minab,IR,27.15,57.08,96.8,60,20,2.24,haze
20,Cape Town,ZA,-33.93,18.42,59.0,93,75,10.29,broken clouds
21,Sitka,US,57.05,-135.33,57.2,87,90,1.41,overcast clouds
22,Butaritari,KI,3.07,172.79,82.71,72,83,17.56,broken clouds
23,Esperance,AU,-33.87,121.9,57.2,93,75,18.34,broken clouds
24,Korla,CN,41.76,86.15,91.87,15,49,3.96,scattered clouds
25,Cotonou,BJ,6.37,2.42,77.0,83,40,12.75,scattered clouds
26,Albany,US,42.6,-73.97,77.0,89,4,3.58,clear sky
27,Machiques,VE,10.06,-72.55,77.16,81,98,2.46,light rain
28,Longyearbyen,SJ,78.22,15.64,44.6,100,90,2.24,fog
29,Qaanaaq,GL,77.48,-69.36,35.17,87,100,6.93,overcast clouds
30,Caravelas,BR,-17.71,-39.25,68.23,85,8,7.67,light rain
31,Rikitea,PF,-23.12,-134.97,72.95,82,100,17.69,overcast clouds
32,Clyde River,CA,70.47,-68.59,46.4,93,90,5.82,overcast clouds
33,Lagoa,PT,39.05,-27.98,71.15,77,1,5.17,clear sky
34,Tukrah,LY,32.53,20.58,80.65,72,0,3.38,clear sky
35,Atuona,PF,-9.8,-139.03,78.73,74,8,17.02,clear sky
36,Lazaro Cardenas,MX,17.96,-102.2,82.51,83,99,3.36,overcast clouds
37,Khatanga,RU,71.97,102.5,68.31,62,100,5.99,overcast clouds
38,Camacha,PT,33.08,-16.33,68.0,72,40,16.11,scattered clouds
39,Ushuaia,AR,-54.8,-68.3,41.0,56,75,20.8,broken clouds
40,Mataura,NZ,-46.19,168.86,48.72,92,99,0.94,overcast clouds
41,Chaohu,CN,31.6,117.87,96.8,53,54,4.47,broken clouds
42,Te Anau,NZ,-45.42,167.72,47.68,86,100,2.35,overcast clouds
43,Bontang,ID,0.13,117.5,82.78,79,60,5.21,light rain
44,Torbay,CA,47.67,-52.73,59.0,100,20,11.41,few clouds
45,Avera,US,33.19,-82.53,78.8,94,1,3.36,clear sky
46,Thompson,CA,55.74,-97.86,55.4,87,20,2.26,few clouds
47,Ostrovnoy,RU,68.05,39.51,51.94,79,100,16.6,light rain
48,Loandjili,CG,-4.76,11.86,72.37,79,74,7.61,broken clouds
49,Saskylakh,RU,71.92,114.08,76.68,42,36,5.1,scattered clouds
50,Hobart,AU,-42.88,147.33,50.0,43,40,17.22,scattered clouds
51,Berlevag,NO,70.86,29.09,48.2,93,75,13.87,light intensity drizzle
52,Jamestown,US,42.1,-79.24,64.99,100,90,9.17,overcast clouds
53,New Norfolk,AU,-42.78,147.06,48.99,69,33,1.99,light rain
54,Yellowknife,CA,62.46,-114.35,75.0,82,40,5.82,scattered clouds
55,Ossora,RU,59.24,163.07,61.07,61,30,7.05,scattered clouds
56,Souillac,MU,-20.52,57.52,69.8,64,75,17.22,broken clouds
57,Tautira,PF,-17.73,-149.15,77.0,73,20,6.93,few clouds
58,Luderitz,NA,-26.65,15.16,60.8,31,0,2.24,clear sky
59,Campestre,BR,-21.71,-46.25,49.08,89,0,3.67,clear sky
60,Faanui,PF,-16.48,-151.75,78.49,77,41,10.07,scattered clouds
61,Castro,BR,-24.79,-50.01,47.62,97,2,3.09,clear sky
62,Georgetown,MY,5.41,100.34,91.4,70,20,11.41,few clouds
63,Chake Chake,TZ,-5.25,39.77,75.87,79,74,12.93,light rain
64,Hazorasp,UZ,41.32,61.07,87.8,38,0,6.93,clear sky
65,Ancud,CL,-41.87,-73.82,51.01,87,75,12.75,broken clouds
66,Itarema,BR,-2.92,-39.92,76.6,82,30,13.65,light rain
67,Rio Grande,BR,-32.03,-52.1,62.01,91,56,4.61,broken clouds
68,Port Elizabeth,ZA,-33.92,25.57,59.0,38,0,9.17,clear sky
69,Parana,AR,-31.73,-60.52,72.0,59,75,5.99,broken clouds
70,Birjand,IR,32.87,59.22,86.0,12,0,4.7,clear sky
71,Fortuna,US,40.6,-124.16,61.0,1,3,1.99,clear sky
72,Darhan,MN,49.49,105.92,67.28,66,89,6.46,overcast clouds
73,Saint-Philippe,RE,-21.36,55.77,69.8,64,90,18.34,overcast clouds
74,Karratha,AU,-20.74,116.85,81.59,25,34,15.08,scattered clouds
75,Arroyo,ES,41.61,-4.8,57.0,87,54,6.93,broken clouds
76,Destin,US,30.39,-86.5,84.2,74,1,8.23,clear sky
77,Am Timan,TD,11.03,20.28,71.28,95,100,4.34,overcast clouds
78,Hithadhoo,MV,-0.6,73.08,83.61,75,100,12.53,overcast clouds
79,Sapa,PH,5.15,120.32,83.86,74,24,5.28,light rain
80,Benghazi,LY,32.12,20.07,80.69,75,0,5.91,clear sky
81,Port Keats,AU,-14.25,129.55,78.55,42,85,12.66,overcast clouds
82,Tiksi,RU,71.69,128.87,48.56,73,21,8.23,few clouds
83,Ponta Do Sol,PT,32.67,-17.1,69.8,73,20,19.46,few clouds
84,Vincennes,FR,48.85,2.43,60.01,72,75,1.12,broken clouds
85,Parys,FR,48.85,2.35,60.01,76,75,3.36,broken clouds
86,Lebu,CL,-37.62,-73.65,50.11,95,100,9.98,overcast clouds
87,Aripuana,BR,-9.17,-60.63,68.27,52,40,1.77,scattered clouds
88,Avarua,CK,-21.21,-159.78,68.0,72,20,5.82,few clouds
89,Bilibino,RU,68.05,166.44,55.45,48,94,2.35,overcast clouds
90,Gbarnga,LR,7.0,-9.47,66.0,98,100,1.16,overcast clouds
91,Busselton,AU,-33.65,115.33,59.0,64,20,9.69,light rain
92,Broome,US,42.25,-75.83,71.01,64,1,12.75,clear sky
93,East London,ZA,-33.02,27.91,69.8,18,0,10.29,clear sky
94,Bathsheba,BB,13.22,-59.52,82.4,78,40,11.41,scattered clouds
95,Katangli,RU,51.71,143.23,55.83,82,98,11.21,overcast clouds
96,Sao Filipe,CV,14.9,-24.5,77.88,85,14,10.6,few clouds
97,Juazeiro,BR,-9.41,-40.5,66.45,79,24,17.87,few clouds
98,Sao Gabriel Da Cachoeira,BR,-0.13,-67.09,75.18,80,55,0.67,broken clouds
99,Geraldton,AU,-28.77,114.6,60.8,72,75,10.29,broken clouds
100,Noshiro,JP,40.2,140.02,82.4,74,75,3.36,broken clouds
101,Vestmanna,FO,62.16,-7.17,48.2,100,100,9.17,light rain
102,Umm Kaddadah,SD,13.6,26.69,76.57,67,49,18.05,scattered clouds
103,Sur,OM,22.57,59.53,92.73,50,19,12.28,few clouds
104,Sola,VU,-13.88,167.55,75.18,86,63,19.89,broken clouds
105,Vaini,TO,-21.2,-175.2,75.2,88,20,9.17,few clouds
106,Domoni,KM,-12.26,44.53,74.73,74,49,14.27,scattered clouds
107,Severo-Kurilsk,RU,50.68,156.12,58.05,88,98,11.43,overcast clouds
108,Tezu,IN,27.92,96.17,96.15,49,1,4.05,clear sky
109,Zhuhai,CN,22.28,113.57,82.0,94,40,2.24,light intensity shower rain
110,Boende,CD,-0.22,20.87,73.15,93,98,4.72,overcast clouds
111,Paita,PE,-5.09,-81.11,61.27,89,10,7.94,clear sky
112,Imphal,IN,24.82,93.95,90.82,57,13,2.82,light rain
113,Strezhevoy,RU,60.73,77.59,84.2,51,0,11.18,clear sky
114,Starosubkhangulovo,RU,53.1,57.44,77.52,55,100,1.79,overcast clouds
115,Saint George,US,37.1,-113.58,89.6,9,1,3.36,clear sky
116,Banyuwangi,ID,-8.23,114.36,84.24,55,66,4.54,broken clouds
117,Gravdal,NO,68.12,13.5,66.2,59,0,8.05,clear sky
118,Tuatapere,NZ,-46.13,167.68,48.85,81,95,1.95,overcast clouds
119,Codrington,AU,-38.27,141.97,49.6,65,81,14.36,broken clouds
120,San Quintin,MX,30.48,-115.95,68.76,84,32,3.62,scattered clouds
121,Guerrero Negro,MX,27.98,-114.06,71.94,72,42,11.95,scattered clouds
122,Ribeira Grande,PT,38.52,-28.7,71.82,84,0,11.79,clear sky
123,Boundiali,CI,9.52,-6.49,68.13,98,100,4.12,overcast clouds
124,Savonlinna,FI,61.87,28.88,62.6,82,40,3.36,scattered clouds
125,Tuktoyaktuk,CA,69.45,-133.04,48.2,100,90,3.36,light intensity drizzle
126,Victoria,HK,22.29,114.16,79.0,96,100,5.99,moderate rain
127,Port Hardy,CA,50.7,-127.42,57.2,93,75,3.36,fog
128,Bredasdorp,ZA,-34.53,20.04,46.4,100,0,5.82,clear sky
129,Kavaratti,IN,10.57,72.64,82.67,79,97,24.36,overcast clouds
130,Lokosovo,RU,61.13,74.82,86.65,49,0,10.11,clear sky
131,Manono,CD,-7.3,27.42,75.13,31,93,11.68,overcast clouds
132,Finschhafen,PG,-6.6,147.87,82.85,65,6,9.37,clear sky
133,Malpe,IN,13.35,74.72,80.6,88,90,13.87,light rain
134,Zhanaozen,KZ,43.3,52.8,87.84,27,38,9.62,scattered clouds
135,Adrar,MR,20.5,-10.07,92.1,30,0,12.19,clear sky
136,Kuttigen,CH,47.42,8.05,64.0,98,99,2.04,overcast clouds
137,Altensteig,DE,48.58,8.6,64.0,98,71,1.72,broken clouds
138,Ust-Kuyga,RU,70.02,135.6,56.17,56,96,10.42,overcast clouds
139,Tougan,BF,13.07,-3.07,74.46,89,100,5.14,moderate rain
140,Harindanga,IN,22.04,88.32,96.8,75,75,4.7,haze
141,Arraial Do Cabo,BR,-22.97,-42.03,67.26,66,0,5.1,clear sky
142,Terra Santa,BR,-2.1,-56.49,74.19,64,34,2.08,scattered clouds
143,Hilo,US,19.73,-155.09,80.6,57,1,3.36,clear sky
144,Iquique,CL,-20.22,-70.14,60.8,67,90,3.36,overcast clouds
145,Paracuru,BR,-3.41,-39.03,78.01,74,11,5.01,light rain
146,Half Moon Bay,US,37.46,-122.43,66.99,87,1,7.96,clear sky
147,Port Lincoln,AU,-34.73,135.87,56.41,62,62,9.31,broken clouds
148,Maputo,MZ,-25.97,32.59,62.01,80,1,4.0,clear sky
149,Lorengau,PG,-2.02,147.27,83.84,77,57,11.72,light rain
150,Villa Guerrero,MX,18.87,-99.65,66.99,87,90,3.36,light rain
151,Kapaa,US,22.08,-159.32,80.6,74,40,16.11,scattered clouds
152,Shieli,KZ,44.17,66.75,93.42,18,0,17.36,clear sky
153,Kavieng,PG,-2.57,150.8,84.78,73,71,8.59,broken clouds
154,Myingyan,MM,21.47,95.38,78.8,100,90,3.36,overcast clouds
155,Lesosibirsk,RU,58.24,92.48,81.32,35,11,7.05,few clouds
156,Hasaki,JP,35.73,140.83,97.0,70,20,11.41,few clouds
157,Trincomalee,LK,8.57,81.23,88.45,60,100,18.95,overcast clouds
158,La Libertad,EC,-2.23,-80.9,66.94,89,58,12.35,broken clouds
159,Nanortalik,GL,60.14,-45.24,45.91,93,84,7.65,broken clouds
160,Cherskiy,RU,68.75,161.3,52.39,85,99,6.49,light rain
161,Nador,MA,35.17,-2.93,82.4,39,0,18.34,clear sky
162,Narasaraopet,IN,16.25,80.07,82.87,66,100,14.92,overcast clouds
163,Bosobolo,CD,4.18,19.9,72.09,91,91,0.72,overcast clouds
164,Snezhnogorsk,RU,69.19,33.25,48.2,100,75,4.47,light intensity shower rain
165,Eldorado,BR,-23.79,-54.28,59.4,70,6,4.99,clear sky
166,Las Varas,MX,21.17,-105.17,84.2,74,90,3.36,overcast clouds
167,Pensilvania,US,40.27,-76.91,78.8,61,1,3.36,clear sky
168,Alvaraes,BR,-3.22,-64.8,73.94,66,23,0.83,few clouds
169,Nizhnyaya Tavda,RU,57.67,66.17,81.25,53,60,7.27,broken clouds
170,Lompoc,US,34.64,-120.46,57.2,87,90,6.93,overcast clouds
171,Pershotravneve,UA,51.39,28.87,64.26,71,4,4.47,clear sky
172,Levelland,US,33.59,-102.38,71.6,68,90,40.26,thunderstorm
173,Deputatskiy,RU,69.3,139.9,56.41,58,64,8.81,broken clouds
174,Egvekinot,RU,66.32,-179.17,48.02,64,82,1.41,broken clouds
175,Iqaluit,CA,63.75,-68.51,53.6,76,75,11.41,broken clouds
176,Chokurdakh,RU,70.63,147.92,51.84,57,100,5.26,overcast clouds
177,Nautla,MX,20.22,-96.78,77.41,80,54,5.17,broken clouds
178,Primo Tapia,MX,32.22,-116.92,66.99,88,75,3.36,broken clouds
179,Coquimbo,CL,-29.95,-71.34,51.8,100,0,6.93,clear sky
180,Tuy Hoa,VN,13.08,109.3,93.38,52,46,8.19,scattered clouds
181,Randolph,US,35.7,-79.82,78.8,83,1,5.82,clear sky
182,Vardo,NO,70.37,31.11,51.8,81,75,9.17,broken clouds
183,Nipawin,CA,53.37,-104.0,59.0,100,1,5.82,clear sky
184,Thiruvananthapuram,IN,8.48,76.92,86.0,79,75,4.7,broken clouds
185,Krasnyy Kholm,RU,58.06,37.12,58.59,83,80,6.71,broken clouds
186,Richards Bay,ZA,-28.78,32.04,63.73,70,0,15.93,clear sky
187,Talnakh,RU,69.49,88.4,68.0,60,40,8.95,scattered clouds
188,Namibe,AO,-15.2,12.15,67.69,64,0,7.11,clear sky
189,Hervey Bay,AU,-25.3,152.85,68.0,58,85,3.0,overcast clouds
190,Buchanan,LR,5.88,-10.05,73.71,83,93,4.52,overcast clouds
191,Halifax,CA,44.65,-63.57,64.99,70,39,6.62,scattered clouds
192,Bilgoraj,PL,50.54,22.72,66.0,79,100,3.0,overcast clouds
193,Faya,SA,18.39,42.45,69.8,77,40,8.05,scattered clouds
194,Taixing,CN,32.17,120.01,100.0,50,43,3.0,scattered clouds
195,Meulaboh,ID,4.14,96.13,85.12,65,97,5.37,overcast clouds
196,Carnarvon,AU,-24.87,113.63,66.2,72,90,11.41,overcast clouds
197,Mar Del Plata,AR,-38.0,-57.56,46.99,93,65,2.24,mist
198,Palembang,ID,-2.92,104.75,87.8,66,75,10.29,broken clouds
199,Banda Aceh,ID,5.56,95.32,86.29,65,100,18.03,overcast clouds
200,Nagato,JP,34.38,131.2,86.0,83,75,12.75,mist
201,Lavrentiya,RU,65.58,-171.0,47.01,67,95,11.72,overcast clouds
202,Tazovskiy,RU,67.47,78.7,65.46,65,61,13.35,broken clouds
203,Kaeo,NZ,-35.1,173.78,57.0,3,72,1.99,light rain
204,Visnes,NO,59.36,5.22,57.0,76,40,17.22,scattered clouds
205,Portland,US,45.52,-122.68,71.6,49,75,9.17,broken clouds
206,Flinders,AU,-34.58,150.86,66.0,39,100,5.01,overcast clouds
207,Murgab,TM,37.5,61.97,87.8,31,0,4.7,clear sky
208,Ettenheim,DE,48.25,7.82,66.0,90,54,1.32,broken clouds
209,Alofi,NU,-19.06,-169.92,75.2,88,100,5.82,overcast clouds
210,Terrace Bay,CA,48.78,-87.1,53.69,77,58,9.24,broken clouds
211,Dingle,PH,11.0,122.67,89.06,63,82,5.84,broken clouds
212,Nouadhibou,MR,20.93,-17.03,71.6,88,0,21.92,clear sky
213,Chuy,UY,-33.7,-53.46,58.26,94,68,3.78,broken clouds
214,Ponta Delgada,PT,37.73,-25.67,69.8,77,40,6.93,scattered clouds
215,Novyy Urengoy,RU,66.08,76.63,77.74,48,69,20.4,broken clouds
216,Airai,TL,-8.93,125.41,71.13,56,35,3.22,scattered clouds
217,Ambulu,ID,-8.35,113.61,82.54,63,75,8.68,broken clouds
218,Valdosta,US,30.83,-83.28,78.8,78,1,6.11,clear sky
219,Tsuruoka,JP,38.72,139.82,82.4,78,75,10.29,broken clouds
220,Rockledge,US,28.35,-80.73,81.0,74,40,21.92,scattered clouds
221,Kodiak,US,57.79,-152.41,62.6,63,75,8.05,broken clouds
222,Brae,GB,60.4,-1.35,51.8,93,20,13.87,few clouds
223,Saint Anthony,US,45.02,-93.22,60.8,87,1,4.65,clear sky
224,Bereda,ES,43.27,-7.54,55.0,100,62,1.01,broken clouds
225,Maxixe,MZ,-23.86,35.35,69.8,88,75,4.7,broken clouds
226,Dalvik,IS,65.97,-18.53,48.2,93,90,4.7,drizzle
227,Pevek,RU,69.7,170.31,38.5,91,100,3.0,overcast clouds
228,Yeppoon,AU,-23.13,150.73,73.4,43,90,8.05,overcast clouds
229,Xai-Xai,MZ,-25.05,33.64,63.79,71,0,3.22,clear sky
230,Sioux Lookout,CA,50.1,-91.92,50.0,93,20,1.88,few clouds
231,Along,IN,28.17,94.77,98.19,42,14,2.37,few clouds
232,Filimonovo,RU,56.2,95.46,76.48,56,94,5.32,light rain
233,Butembo,CD,0.15,29.28,63.97,73,30,3.78,scattered clouds
234,Saint-Joseph,RE,-21.37,55.62,69.8,64,90,18.34,overcast clouds
235,Spassk-Ryazanskiy,RU,54.41,40.38,62.01,74,12,1.01,few clouds
236,Dongsheng,CN,39.82,109.98,82.17,20,0,8.75,clear sky
237,Homer,US,59.64,-151.55,59.0,87,90,5.82,overcast clouds
238,Los Llanos De Aridane,ES,28.66,-17.92,77.0,88,75,17.22,broken clouds
239,Muriti,TZ,-1.98,32.92,62.6,63,0,16.11,clear sky
240,Mamallapuram,IN,12.63,80.17,86.0,66,75,9.17,broken clouds
241,Swellendam,ZA,-34.02,20.44,46.4,100,0,5.82,clear sky
242,Bosaso,SO,11.28,49.18,93.2,38,71,23.04,broken clouds
243,Lagunas,PE,-5.23,-75.68,71.13,79,0,1.07,clear sky
244,Saldanha,ZA,-33.01,17.94,50.0,93,10,2.24,clear sky
245,Ilulissat,GL,69.22,-51.1,41.0,80,14,3.36,few clouds
246,Port Blair,IN,11.67,92.75,83.61,79,100,28.05,moderate rain
247,Rawson,AR,-43.3,-65.1,50.0,63,86,22.41,overcast clouds
248,Eyl,SO,7.98,49.82,87.89,44,32,32.32,scattered clouds
249,Inhambane,MZ,-23.86,35.38,69.8,88,75,4.7,broken clouds
250,Rafsanjan,IR,30.41,55.99,93.88,17,0,1.97,clear sky
251,Aneho,TG,6.23,1.6,75.2,83,20,9.17,few clouds
252,Bubaque,GW,11.28,-15.83,77.04,90,100,10.02,moderate rain
253,Tabou,CI,4.42,-7.35,71.46,80,95,2.44,overcast clouds
254,Cabo San Lucas,MX,22.89,-109.91,84.99,58,5,11.41,clear sky
255,Bafra,TR,41.57,35.91,68.0,88,40,4.25,scattered clouds
256,Neuquen,AR,-38.95,-68.06,48.2,66,86,6.93,overcast clouds
257,Henties Bay,NA,-22.12,14.28,69.01,17,0,5.01,clear sky
258,Riyadh,SA,24.69,46.72,98.6,16,3,10.29,clear sky
259,Bayevo,RU,53.28,80.77,78.44,52,0,16.58,clear sky
260,Kenai,US,60.55,-151.26,57.2,87,90,3.36,light rain
261,Gazanjyk,TM,39.24,55.52,96.44,15,0,3.71,clear sky
262,Nikolskoye,RU,59.7,30.79,60.8,82,40,4.47,scattered clouds
263,Mahebourg,MU,-20.41,57.7,69.8,64,75,17.22,broken clouds
264,Honiara,SB,-9.43,159.95,87.8,70,20,8.05,few clouds
265,Acapulco,MX,16.86,-99.89,81.28,80,100,5.1,overcast clouds
266,Cordoba,AR,-31.41,-64.18,60.01,76,16,6.93,few clouds
267,Norman Wells,CA,65.28,-126.83,71.6,73,75,5.82,shower rain
268,San Ignacio,BZ,17.16,-89.07,79.0,81,99,1.88,light rain
269,Vostok,RU,46.49,135.88,64.22,100,100,4.34,moderate rain
270,Antofagasta,CL,-23.65,-70.4,55.4,76,90,1.12,overcast clouds
271,Kozan,TR,37.46,35.82,87.8,70,40,0.81,scattered clouds
272,Touros,BR,-5.2,-35.46,69.8,94,6,4.7,clear sky
273,Hambantota,LK,6.12,81.12,84.2,83,75,17.22,broken clouds
274,Klaksvik,FO,62.23,-6.59,48.2,100,100,9.17,light rain
275,Asfi,MA,32.3,-9.24,69.26,82,0,13.06,clear sky
276,Aksha,RU,50.28,113.29,71.98,64,95,11.74,light rain
277,Tigil,RU,57.8,158.67,62.64,55,90,15.08,overcast clouds
278,Bentiu,SS,9.23,29.83,75.79,85,65,3.18,broken clouds
279,Nouakchott,MR,18.09,-15.98,82.4,69,8,16.11,clear sky
280,Doka,SD,13.52,35.77,75.56,83,60,9.46,moderate rain
281,Tambura,SS,5.6,27.47,70.75,93,94,1.1,overcast clouds
282,Maceio,BR,-9.67,-35.74,68.0,100,75,2.24,broken clouds
283,Gerash,IR,27.67,54.14,95.0,47,1,2.39,clear sky
284,Stornoway,GB,58.21,-6.39,52.0,93,20,5.82,few clouds
285,Ahuimanu,US,21.44,-157.84,82.4,61,75,14.99,broken clouds
286,Ahipara,NZ,-35.17,173.17,57.15,86,17,6.96,few clouds
287,Okhotsk,RU,59.38,143.3,65.79,59,6,10.92,clear sky
288,Santa Rosa,PH,14.31,121.11,93.99,58,93,9.17,light rain
289,Tiznit,MA,29.58,-9.5,75.4,40,0,1.16,clear sky
290,Kaitangata,NZ,-46.28,169.85,46.99,86,63,1.01,light rain
291,Chabahar,IR,25.29,60.64,91.4,66,40,9.17,scattered clouds
292,Provideniya,RU,64.38,-173.3,50.0,71,75,8.95,broken clouds
293,Komsomolskiy,UZ,40.43,71.72,87.8,25,0,11.41,clear sky
294,Hushitai,CN,41.93,123.51,87.8,66,75,11.18,broken clouds
295,Cap Malheureux,MU,-19.98,57.61,72.0,59,30,11.99,scattered clouds
296,Broken Hill,AU,-31.95,141.43,68.0,22,100,9.17,overcast clouds
297,Krotovka,RU,53.29,51.17,68.47,62,85,3.36,overcast clouds
298,Ikom,NG,5.97,8.71,71.58,96,100,2.1,overcast clouds
299,Seymchan,RU,62.88,152.43,67.95,38,54,7.16,broken clouds
300,Lata,PT,40.16,-8.33,62.01,95,100,5.99,overcast clouds
301,Vila Franca Do Campo,PT,37.72,-25.43,69.8,77,40,6.93,scattered clouds
302,Makarov,RU,48.63,142.8,56.14,88,100,6.91,overcast clouds
303,Ulladulla,AU,-35.35,150.47,68.0,30,100,17.22,overcast clouds
304,Beirut,LB,33.89,35.49,80.6,74,0,3.36,clear sky
305,Asau,RO,46.43,26.4,66.99,66,64,3.71,broken clouds
306,Osmena,PH,10.52,119.93,85.19,65,100,3.94,overcast clouds
307,Cidreira,BR,-30.18,-50.21,60.94,84,9,2.86,clear sky
308,Gat,IL,31.61,34.76,86.0,34,0,1.01,clear sky
309,Kisangani,CD,0.52,25.2,68.0,100,75,4.7,mist
310,Paoua,CF,7.24,16.44,69.4,91,99,1.43,overcast clouds
311,Eureka,US,40.8,-124.16,59.0,93,1,3.44,clear sky
312,Alvik,SE,60.75,14.87,59.0,100,75,5.82,broken clouds
313,Rio De Janeiro,BR,-22.9,-43.21,60.8,82,1,2.24,clear sky
314,San Francisco,US,37.77,-122.42,64.4,72,1,11.41,clear sky
315,Salym,RU,60.06,71.48,87.26,44,0,10.13,clear sky
316,Great Yarmouth,GB,52.61,1.73,60.01,99,99,1.01,overcast clouds
317,Neiafu,TO,-18.65,-173.98,77.0,83,75,4.7,broken clouds
318,Kimbe,PG,-5.55,150.14,86.38,70,38,6.76,moderate rain
319,Makhachkala,RU,42.98,47.5,69.8,73,40,24.61,scattered clouds
320,Gandara,PH,12.01,124.81,89.78,63,92,1.57,light rain
321,Xinmin,CN,41.99,122.83,87.8,66,75,11.18,broken clouds
322,Santa Cruz,BO,-17.8,-63.17,64.4,82,4,6.93,clear sky
323,Pauini,BR,-7.71,-66.98,70.41,64,22,0.51,few clouds
324,Constitucion,CL,-35.33,-72.42,52.36,89,39,3.06,scattered clouds
325,Bushehr,IR,28.97,50.84,96.8,63,14,4.7,haze
326,Khash,IR,28.22,61.22,93.4,12,7,1.92,clear sky
327,Hamilton,US,39.18,-84.53,70.0,93,1,3.38,mist
328,Braganca,BR,-1.05,-46.77,72.34,97,6,1.61,clear sky
329,Lerwick,GB,60.15,-1.15,51.8,93,20,13.87,few clouds
330,Svobodnyy,RU,51.4,128.13,74.88,80,100,11.86,moderate rain
331,Yulara,AU,-25.24,130.99,80.6,6,0,12.75,clear sky
332,Malakal,SS,9.53,31.66,76.28,87,63,3.31,broken clouds
333,Rundu,NA,-17.93,19.77,49.24,48,0,5.06,clear sky
334,Zhuanghe,CN,39.7,122.99,80.91,86,100,9.35,moderate rain
335,Inongo,CD,-1.95,18.27,69.73,87,68,3.44,light rain
336,Ponnani,IN,10.77,75.93,82.4,78,75,14.99,mist
337,Aykhal,RU,66.0,111.5,80.6,19,83,2.24,broken clouds
338,Balakhta,RU,55.38,91.6,74.44,58,97,5.46,overcast clouds
339,Prijepolje,RS,43.37,19.64,64.4,68,0,3.36,clear sky
340,Kibala,TD,9.11,18.35,71.53,94,100,2.15,overcast clouds
341,Mecca,SA,21.43,39.83,92.01,46,61,6.04,broken clouds
342,Zhigansk,RU,66.77,123.37,69.78,37,68,14.34,broken clouds
343,Vestmannaeyjar,IS,63.44,-20.27,50.16,87,35,16.22,scattered clouds
344,Cangzhou,CN,38.32,116.87,97.84,43,99,6.69,overcast clouds
345,Kohlu,PK,29.9,69.25,95.58,21,0,12.48,clear sky
346,Khandyga,RU,62.67,135.6,80.87,26,14,5.26,few clouds
347,Olafsvik,IS,64.89,-23.71,46.42,87,34,10.96,scattered clouds
348,Abong Mbang,CM,3.98,13.18,67.21,93,99,4.81,overcast clouds
349,Nome,US,64.5,-165.41,64.4,63,1,8.05,clear sky
350,Nemuro,JP,43.32,145.57,75.2,73,75,12.75,broken clouds
351,Kuala Terengganu,MY,5.33,103.14,86.0,79,20,3.36,few clouds
352,Toyooka,JP,35.53,134.83,87.8,66,75,6.93,broken clouds
353,Isangel,VU,-19.55,169.27,69.84,65,2,10.51,clear sky
354,Ulaangom,MN,49.98,92.07,69.42,42,5,6.98,clear sky
355,Leningradskiy,RU,69.38,178.42,39.18,90,100,9.06,light rain
356,Satana,IN,20.58,74.2,83.97,71,96,9.42,light rain
357,San Jose,US,37.34,-121.89,68.0,63,20,4.7,smoke
358,Katete,UG,-0.78,29.75,72.86,34,19,3.62,few clouds
359,Steubenville,US,40.37,-80.63,66.2,82,1,3.36,clear sky
360,Hoi An,VN,15.88,108.33,93.2,49,75,6.93,broken clouds
361,Kiruna,SE,67.86,20.23,53.6,71,74,6.93,broken clouds
362,Mount Gambier,AU,-37.83,140.77,50.0,71,75,13.87,broken clouds
363,West Odessa,US,31.84,-102.5,79.0,44,1,16.11,clear sky
364,Balakhninskiy,RU,58.01,114.28,65.5,59,32,10.67,scattered clouds
365,Channel-Port Aux Basques,CA,47.57,-59.14,64.06,79,49,5.1,scattered clouds
366,Pisco,PE,-13.7,-76.22,57.2,87,75,3.36,mist
367,Joshimath,IN,30.57,79.57,78.8,45,9,7.16,light rain
368,Hokitika,NZ,-42.72,170.97,51.57,93,100,6.02,light rain
369,Fremont,US,37.55,-121.99,66.0,68,1,3.36,clear sky
370,Papa,HU,47.33,17.47,73.4,46,79,6.93,broken clouds
371,Grindavik,IS,63.84,-22.43,46.4,93,75,6.93,broken clouds
372,Upernavik,GL,72.79,-56.15,43.57,72,77,2.46,broken clouds
373,Nuuk,GL,64.18,-51.72,44.6,100,100,6.93,light rain
374,Ruthin,GB,53.11,-3.32,53.01,95,7,3.67,clear sky
375,Yanam,IN,16.73,82.22,87.8,70,75,11.41,broken clouds
376,Bud,US,39.45,-86.18,66.99,99,68,5.19,broken clouds
377,Galich,RU,58.38,42.35,61.72,61,22,3.89,few clouds
378,Shaunavon,CA,49.65,-108.42,69.08,40,0,16.15,clear sky
379,Sfantu Gheorghe,RO,45.87,25.78,64.0,71,40,2.64,scattered clouds
380,Duldurga,RU,50.68,113.59,70.63,66,91,12.62,overcast clouds
381,Swift Current,CA,50.28,-107.8,64.4,63,1,16.11,clear sky
382,Taicheng,CN,38.73,113.23,85.37,27,37,4.59,scattered clouds
383,San Patricio,MX,19.22,-104.7,81.0,85,97,4.88,overcast clouds
384,Uhersky Brod,CZ,49.03,17.65,70.0,56,56,3.0,broken clouds
385,Izhma,RU,65.01,53.91,58.06,82,100,7.07,light rain
386,Tomatlan,MX,19.93,-105.25,79.47,86,97,1.23,overcast clouds
387,Ixtapa,MX,20.7,-105.2,84.2,74,90,3.36,overcast clouds
388,Las Vegas,US,36.17,-115.14,96.8,7,1,5.82,clear sky
389,Santander,ES,43.46,-3.8,64.99,88,40,4.7,scattered clouds
390,Alta Floresta,BR,-9.88,-56.09,66.63,53,0,2.89,clear sky
391,Pacifica,US,37.61,-122.49,61.0,87,1,8.93,clear sky
392,Nevers,FR,46.92,3.33,59.0,67,100,4.59,overcast clouds
393,Gobabis,NA,-22.45,18.97,35.6,55,0,2.24,clear sky
394,Tshikapa,CD,-6.42,20.8,78.35,36,63,7.36,broken clouds
395,Namatanai,PG,-3.67,152.43,83.59,76,38,10.33,scattered clouds
396,Dargaville,NZ,-35.93,173.88,54.73,89,64,6.4,broken clouds
397,Atikokan,CA,48.76,-91.62,50.18,77,40,1.7,scattered clouds
398,Karachi,PK,24.91,67.08,91.4,63,40,9.17,scattered clouds
399,Teahupoo,PF,-17.83,-149.27,77.0,73,20,6.93,few clouds
400,Mont-Dore,NC,-22.28,166.58,72.0,93,74,6.51,broken clouds
401,Kinablangan,PH,7.69,126.55,82.67,78,98,6.26,moderate rain
402,Kiunga,PG,-6.12,141.29,84.49,73,52,2.64,light rain
403,Zapolyarnyy,RU,69.42,30.81,50.0,87,75,12.75,broken clouds
404,Escanaba,US,45.75,-87.06,57.2,82,90,6.93,overcast clouds
405,Laguna,US,38.42,-121.42,73.99,46,1,5.86,clear sky
406,Saint-Michel-Des-Saints,CA,46.68,-73.92,68.0,9,93,3.0,overcast clouds
407,Gladenbach,DE,50.77,8.57,59.0,89,100,3.38,overcast clouds
408,Kankan,GN,10.39,-9.31,67.75,96,81,5.14,broken clouds
409,Pemangkat,ID,1.17,108.97,86.52,65,75,6.35,broken clouds
410,Peleduy,RU,59.63,112.74,77.54,33,76,12.8,broken clouds
411,Dikson,RU,73.51,80.55,52.86,80,80,15.7,broken clouds
412,Linhares,BR,-19.39,-40.07,62.4,85,12,4.88,light rain
413,Ankpa,NG,7.37,7.63,70.32,92,100,7.76,overcast clouds
414,Bengkulu,ID,-3.8,102.27,82.31,79,48,8.32,light rain
415,Ormara,PK,25.21,64.64,85.68,81,33,17.09,scattered clouds
416,Goma,CD,-1.68,29.22,59.0,67,20,6.93,few clouds
417,Dolores,AR,-36.31,-57.68,46.67,80,100,5.14,overcast clouds
418,Aklavik,CA,68.22,-135.01,55.4,87,90,4.7,overcast clouds
419,Atar,MR,20.52,-13.05,91.35,15,0,6.91,clear sky
420,Teguise,ES,29.06,-13.56,73.4,83,0,19.46,clear sky
421,Yurginskoye,RU,56.82,67.39,84.11,48,69,10.36,broken clouds
422,Pizhanka,RU,57.46,48.54,61.16,71,61,4.12,broken clouds
423,Najran,SA,17.49,44.13,86.0,48,61,9.17,broken clouds
424,Bogorodskoye,RU,56.55,37.88,59.95,73,81,5.41,broken clouds
425,Solvychegodsk,RU,61.33,46.92,55.67,77,49,6.91,light rain
426,Hay River,CA,60.82,-115.8,71.6,78,75,2.24,broken clouds
427,Campbell River,CA,50.02,-125.24,66.2,72,75,3.36,broken clouds
428,Farafangana,MG,-22.82,47.83,68.16,73,73,7.34,broken clouds
429,Lasa,IT,46.62,10.7,59.0,100,75,5.82,broken clouds
430,Ostersund,SE,63.18,14.64,57.2,93,90,10.29,overcast clouds
431,Rincon,US,32.3,-81.24,80.6,83,1,3.36,clear sky
432,Petropavl,KZ,54.88,69.16,89.6,31,0,2.24,clear sky
433,Chumikan,RU,54.72,135.31,57.58,73,69,14.99,broken clouds
434,Ust-Nera,RU,64.57,143.2,71.38,28,54,3.22,broken clouds
435,Cockburn Town,TC,21.46,-71.14,82.35,81,5,19.01,light rain
436,Eirunepe,BR,-6.66,-69.87,70.18,66,34,1.03,scattered clouds
437,Fort-Shevchenko,KZ,44.51,50.26,71.6,84,100,29.86,moderate rain
438,Pangnirtung,CA,66.15,-65.71,48.47,75,70,2.35,broken clouds
439,Goure,NE,13.98,10.27,76.57,77,43,16.24,scattered clouds
440,Marsa Matruh,EG,31.35,27.25,75.2,83,40,5.82,scattered clouds
441,Lodja,CD,-3.48,23.43,78.46,56,43,1.1,scattered clouds
442,Walvis Bay,NA,-22.96,14.51,69.8,13,0,14.99,clear sky
443,Dubovskoye,RU,47.41,42.76,74.01,46,5,7.36,clear sky
444,Fianarantsoa,MG,-21.43,47.08,51.57,84,93,14.47,overcast clouds
445,Husavik,IS,66.04,-17.34,48.2,93,90,4.7,drizzle
446,Balabac,PH,7.99,117.06,87.62,62,100,5.93,overcast clouds
447,Laiwu,CN,36.19,117.66,89.62,67,92,13.8,overcast clouds
448,Concepcion De Buenos Aires,MX,19.97,-103.27,66.2,77,75,2.04,broken clouds
449,Dromolaxia,CY,34.88,33.59,86.0,70,20,1.12,few clouds
450,Umm Lajj,SA,25.02,37.27,91.26,56,73,6.33,broken clouds
451,Preobrazheniye,RU,42.9,133.91,69.48,95,100,6.04,light rain
452,Key West,US,24.56,-81.78,87.8,74,20,4.7,few clouds
453,Utrera,ES,37.19,-5.78,71.01,88,26,5.82,scattered clouds
454,Cravo Norte,CO,6.3,-70.2,74.7,88,4,4.27,light rain
455,Banjar,ID,-8.19,114.97,80.6,94,40,5.82,scattered clouds
456,Hofgeismar,DE,51.48,9.4,57.99,93,40,4.7,scattered clouds
457,La Sarre,CA,48.8,-79.2,47.5,80,100,9.69,overcast clouds
458,Kathu,TH,7.92,98.33,86.0,79,40,18.34,scattered clouds
459,Yining,CN,29.04,114.56,98.98,45,98,2.26,overcast clouds
460,Novikovo,RU,51.15,37.89,63.18,71,0,5.84,clear sky
461,Pasni,PK,25.26,63.47,85.84,77,55,14.88,broken clouds
462,Alice Springs,AU,-23.7,133.88,80.6,10,0,6.93,clear sky
463,San Cristobal,VE,7.77,-72.22,65.03,90,33,4.54,scattered clouds
464,Bonavista,CA,48.65,-53.11,54.0,73,28,1.01,scattered clouds
465,Champerico,GT,14.3,-91.92,82.11,76,63,3.4,broken clouds
466,Zverinogolovskoye,RU,54.46,64.85,86.41,43,28,12.91,scattered clouds
467,Raga,SS,8.46,25.68,70.68,94,100,2.82,overcast clouds
468,Mayskiy,RU,47.69,40.1,68.0,68,0,4.47,clear sky
469,Padang,ID,-0.95,100.35,85.14,62,95,5.79,overcast clouds
470,Naze,JP,28.37,129.48,89.6,70,20,10.29,few clouds
471,Maine-Soroa,NE,13.21,12.02,77.9,73,100,14.41,overcast clouds
472,Dunedin,NZ,-45.87,170.5,48.99,89,82,4.0,broken clouds
473,Izumo,JP,35.37,132.77,87.8,58,99,16.11,overcast clouds
474,Bagdarin,RU,54.43,113.6,66.36,75,87,5.01,light rain
475,Grand Gaube,MU,-20.01,57.66,72.0,59,41,11.99,scattered clouds
476,Northam,GB,51.03,-4.22,57.99,92,31,1.01,scattered clouds
477,Port-Gentil,GA,-0.72,8.78,75.2,83,40,8.84,scattered clouds
478,Kardla,EE,59.0,22.75,62.6,93,75,4.7,broken clouds
479,Pietersburg,ZA,-23.9,29.47,42.8,81,20,3.36,few clouds
480,Zella-Mehlis,DE,50.65,10.65,61.0,89,100,4.21,overcast clouds
481,Laramie,US,41.31,-105.59,62.6,63,1,14.99,clear sky
482,Isparta,TR,38.0,31.0,75.2,41,20,6.93,few clouds
483,Vanimo,PG,-2.67,141.3,79.27,83,93,3.62,overcast clouds
484,Mayumba,GA,-3.43,10.66,71.17,81,34,4.18,scattered clouds
485,Kruisfontein,ZA,-34.0,24.73,63.36,29,0,11.52,clear sky
486,Biak,ID,-0.91,122.88,79.11,80,79,5.84,light rain
487,Peace River,CA,56.25,-117.29,68.0,82,90,4.7,overcast clouds
488,Todos Santos,MX,23.45,-110.22,77.0,79,15,1.34,few clouds
489,Swan Hill,AU,-35.34,143.55,60.85,55,100,6.44,overcast clouds
490,Kahului,US,20.89,-156.47,80.6,61,40,14.99,scattered clouds
491,Katobu,ID,-4.94,122.53,81.09,79,74,2.44,moderate rain
492,Parit Raja,MY,1.87,103.11,89.6,66,20,5.82,few clouds
493,Sao Felix Do Xingu,BR,-6.64,-51.99,71.53,58,12,0.89,few clouds
494,Biltine,TD,14.53,20.92,72.27,91,100,5.84,light rain
495,Camopi,GF,3.17,-52.32,70.66,97,52,1.41,broken clouds
496,Yumen,CN,40.28,97.2,87.78,12,71,17.52,broken clouds
497,Maniitsoq,GL,65.42,-52.9,47.16,81,55,4.36,broken clouds
498,Anadyr,RU,64.75,177.48,57.2,67,75,8.95,light intensity shower rain
499,Sao Sebastiao,BR,-23.76,-45.41,63.84,82,22,5.86,few clouds
500,Waipawa,NZ,-41.41,175.52,55.4,66,91,11.41,overcast clouds
501,Kushima,JP,31.46,131.23,89.01,74,75,17.22,broken clouds
502,Salvacion,PH,7.98,126.13,81.64,81,100,3.24,moderate rain
503,Farah,AF,32.5,62.5,87.76,12,0,6.51,clear sky
504,Jedburgh,GB,55.48,-2.55,46.99,90,69,5.32,broken clouds
505,Agadir,MA,30.42,-9.6,68.0,94,15,5.82,few clouds
506,Medianeira,BR,-25.3,-54.09,60.8,72,1,3.36,clear sky
507,Kiama,AU,-34.68,150.87,66.99,39,100,5.01,overcast clouds
508,Hirekerur,IN,14.47,75.38,74.71,84,100,17.16,light rain
509,Thayetmyo,MM,19.32,95.18,78.4,95,100,2.13,moderate rain
510,Ginda,IN,30.69,78.49,80.15,58,17,4.74,light rain
511,Hovd,MN,48.01,91.64,64.8,41,34,6.04,scattered clouds
512,Suileng,CN,47.25,127.08,81.41,70,85,8.25,light rain
513,Bonfim,BR,3.08,-59.95,74.59,83,46,2.51,scattered clouds
514,Jiangyou,CN,31.77,104.72,87.31,67,13,5.55,moderate rain
515,Kabinda,CD,-6.13,24.48,74.48,27,25,10.25,scattered clouds
516,Pirgos,GR,35.12,25.72,82.4,58,20,14.99,few clouds
517,Sainte-Julienne,CA,45.97,-73.72,72.0,100,71,7.18,broken clouds
518,Shawnee,US,39.05,-95.77,66.2,82,1,3.36,clear sky
519,Vaxjo,SE,56.88,14.81,55.99,93,41,6.93,scattered clouds
520,Ewa Beach,US,21.32,-158.01,80.6,61,1,8.05,clear sky
521,Bay Roberts,CA,47.6,-53.26,59.0,1,25,6.6,scattered clouds
522,Westport,US,41.14,-73.36,79.0,83,1,9.17,clear sky
523,Ishigaki,JP,24.34,124.16,78.8,100,75,29.97,shower rain
524,Soyo,AO,-6.13,12.37,71.6,94,40,6.6,scattered clouds
525,Rodrigues Alves,BR,-7.74,-72.65,69.8,100,0,1.81,clear sky
526,Lufilufi,WS,-13.87,-171.6,86.0,79,20,5.82,few clouds
527,Banyo,CM,6.75,11.82,64.83,94,100,2.37,overcast clouds
528,Galveston,US,29.37,-94.97,84.2,74,1,6.93,clear sky
529,Verkhnevilyuysk,RU,63.45,120.32,77.13,32,20,5.44,few clouds
530,Yurimaguas,PE,-5.9,-76.08,70.88,78,18,1.1,few clouds
531,Umtata,ZA,-31.59,28.78,50.0,46,0,5.95,clear sky
532,Taraz,KZ,42.9,71.37,82.4,30,0,6.71,clear sky
533,Lyndon,US,38.26,-85.6,73.4,78,90,5.06,overcast clouds
534,Benguela,AO,-12.58,13.41,67.8,87,66,3.8,broken clouds
535,Medvedka,RU,61.16,46.39,53.91,79,58,6.29,light rain
536,Arlit,NE,18.74,7.39,87.08,49,100,16.22,overcast clouds
537,Changli,CN,39.7,119.15,93.97,43,55,14.94,broken clouds
538,Kayerkan,RU,69.35,87.76,68.0,60,40,8.95,scattered clouds
539,Beloha,MG,-25.17,45.05,67.01,58,0,16.2,clear sky
540,Sorland,NO,67.67,12.69,60.8,87,40,6.93,scattered clouds
541,Shebalino,RU,51.29,85.68,73.67,40,0,6.29,clear sky
542,Warwick,US,41.7,-71.42,80.6,83,20,12.75,few clouds
543,Trelew,AR,-43.25,-65.31,49.8,56,73,19.69,broken clouds
544,Harda,IN,22.33,77.1,88.05,70,98,6.93,moderate rain
545,Garowe,SO,8.41,48.48,83.97,39,53,33.17,broken clouds
546,Oriximina,BR,-1.77,-55.87,76.48,63,4,4.65,clear sky
547,George Town,MY,5.41,100.34,91.4,70,20,11.41,few clouds
548,Ajdabiya,LY,30.76,20.23,79.54,66,0,7.94,clear sky
549,Port Macquarie,AU,-31.43,152.92,71.01,57,71,8.93,broken clouds
550,Gualeguay,AR,-33.14,-59.31,64.15,87,93,6.38,overcast clouds
551,Borgarnes,IS,64.54,-21.92,50.0,81,75,8.05,broken clouds
552,Uvat,RU,59.14,68.9,85.42,44,26,11.34,scattered clouds
553,Tessalit,ML,20.2,1.01,84.36,51,77,27.11,broken clouds
554,Pietarsaari,FI,63.65,22.68,55.4,93,75,5.82,broken clouds
555,Manavalakurichi,IN,8.13,77.3,86.0,79,75,4.7,broken clouds
556,Kralendijk,BQ,12.15,-68.27,82.4,94,6,17.22,clear sky
557,Havre-Saint-Pierre,CA,50.23,-63.6,64.4,88,90,2.24,overcast clouds
558,Dunhua,CN,43.37,128.24,85.71,51,15,6.73,few clouds
559,Upata,VE,8.01,-62.4,78.01,91,100,4.41,light rain
560,Bolanos De Calatrava,ES,38.91,-3.66,68.0,48,99,2.24,overcast clouds
561,Cozumel,MX,20.51,-86.95,82.4,83,40,8.39,scattered clouds
562,Nelson Bay,AU,-32.72,152.15,68.0,34,100,16.11,overcast clouds
563,Kirakira,SB,-10.45,161.92,82.49,80,20,8.32,light rain
564,Chekhov,RU,55.14,37.47,62.6,63,32,4.47,scattered clouds
565,Yazman,PK,29.12,71.74,105.57,29,0,20.47,clear sky
566,Lewiston,US,44.1,-70.21,73.4,94,90,10.29,overcast clouds
567,Pangody,RU,65.85,74.49,80.01,52,59,21.81,broken clouds
568,Chicama,PE,-7.84,-79.15,59.92,86,50,3.85,scattered clouds
569,Chapais,CA,49.78,-74.85,60.8,100,90,9.17,overcast clouds
570,Shenjiamen,CN,29.96,122.3,83.95,83,6,14.34,clear sky
571,Hede,CN,33.77,120.25,91.15,74,70,11.52,broken clouds
572,Manoharpur,IN,27.3,75.95,73.4,100,90,2.24,thunderstorm with rain
573,Medea,DZ,36.26,2.75,77.0,88,0,5.82,clear sky
574,Orhangazi,TR,40.49,29.31,75.2,68,0,3.36,clear sky
575,Warmbad,NA,-28.45,18.73,59.49,30,0,7.05,clear sky
576,Collie,AU,-33.37,116.15,59.0,65,23,4.45,light rain
577,Sikonge,TZ,-5.63,32.77,60.8,77,36,20.8,scattered clouds
578,Wanxian,CN,30.8,108.39,96.75,50,21,3.22,few clouds
579,Luwuk,ID,-0.95,122.79,80.44,78,86,5.26,light rain
580,Manzhouli,CN,49.6,117.43,70.83,70,100,11.65,moderate rain
581,Mitsamiouli,KM,-11.38,43.28,80.6,61,20,3.36,few clouds
582,Muyezerskiy,RU,63.93,31.65,56.66,82,52,6.46,broken clouds
583,Salme,NP,28.04,85.09,80.6,69,75,3.36,broken clouds
584,Tammisaari,FI,59.97,23.43,60.01,96,76,10.67,broken clouds
585,Ferrol,ES,43.48,-8.24,61.0,93,75,2.24,broken clouds
586,Sambava,MG,-14.27,50.17,72.95,77,99,20.76,light rain
587,Tabora,TZ,-5.02,32.8,60.8,77,64,20.8,broken clouds
588,Umm Bab,QA,25.21,50.81,107.01,60,20,8.05,few clouds
589,Rajakhera,IN,26.9,78.17,87.8,79,75,10.29,broken clouds
590,Biscarrosse,FR,44.39,-1.17,59.0,87,75,4.79,broken clouds
591,Kununurra,AU,-15.77,128.73,89.6,20,96,6.93,overcast clouds
592,Nyimba,ZM,-14.56,30.81,62.83,68,29,4.94,scattered clouds
593,Mariel,CU,22.99,-82.75,78.8,100,20,2.24,few clouds
594,Katherine,AU,-14.47,132.27,89.6,25,71,4.7,broken clouds
595,Vilyuysk,RU,63.76,121.62,76.91,29,33,5.48,scattered clouds
596,Paamiut,GL,61.99,-49.67,44.62,95,100,4.94,overcast clouds
597,Kampong Chhnang,KH,12.17,104.55,81.86,80,100,6.42,light rain
598,Rocha,UY,-34.48,-54.33,56.32,97,97,1.57,overcast clouds
599,Funtua,NG,11.52,7.31,69.22,95,92,10.96,light rain
600,Kayes,ML,14.0,-11.0,74.52,93,83,7.61,broken clouds
601,Chamalieres,FR,45.78,3.06,60.8,72,75,5.82,broken clouds
602,Makushino,RU,55.21,67.24,86.7,39,30,9.75,scattered clouds
603,Plettenberg Bay,ZA,-34.05,23.37,62.35,42,0,5.95,clear sky
604,Bitung,ID,1.45,125.18,82.4,74,40,6.93,scattered clouds
605,La Ronge,CA,55.1,-105.28,69.8,68,5,9.17,clear sky
606,Itoman,JP,26.12,127.67,91.4,66,75,21.92,broken clouds
607,Shubarshi,KZ,48.59,57.19,95.56,13,10,9.55,clear sky
608,Morros,BR,-9.45,-46.3,71.44,48,22,9.4,few clouds
609,El Alto,PE,-4.27,-81.21,61.77,87,10,16.24,clear sky
610,Praia Da Vitoria,PT,38.73,-27.07,73.4,78,75,5.95,broken clouds
611,Jacareacanga,BR,-6.22,-57.75,69.96,58,0,1.21,clear sky
612,Niagara Falls,CA,43.1,-79.07,69.01,83,80,5.99,broken clouds
613,San Luis,AR,-33.3,-66.34,54.97,60,8,7.29,clear sky
614,Aksarka,RU,66.56,67.8,74.95,68,95,17.74,overcast clouds
615,Peniche,PT,39.36,-9.38,64.0,90,91,8.01,overcast clouds
616,Sangmelima,CM,2.93,11.98,66.22,95,93,4.34,overcast clouds
617,Puri,IN,19.8,85.85,91.4,75,40,13.87,haze
618,Vanavara,RU,60.34,102.28,77.47,35,100,6.2,overcast clouds
619,Kautokeino,NO,69.01,23.04,54.81,61,3,5.06,clear sky
620,Montepuez,MZ,-13.13,39.0,65.95,74,45,10.49,scattered clouds
621,Lovrenc Na Pohorju,SI,46.54,15.39,64.99,85,97,2.13,overcast clouds
622,Saurimo,AO,-9.66,20.39,63.54,34,91,9.53,overcast clouds
623,Pimenta Bueno,BR,-11.67,-61.19,69.64,43,0,3.94,clear sky
624,Posse,BR,-14.09,-46.37,63.91,59,0,13.65,clear sky
625,Adwa,ET,14.16,38.9,60.3,96,100,4.97,heavy intensity rain
626,Olga,RU,43.74,135.29,69.22,96,100,6.06,moderate rain
627,Mentougou,CN,39.94,116.09,105.01,34,0,8.95,clear sky
628,Terney,RU,45.05,136.61,64.67,92,100,14.07,moderate rain
629,Plouzane,FR,48.38,-4.62,57.2,100,20,3.36,fog
630,Yatou,CN,37.15,122.38,79.25,89,99,16.53,overcast clouds
631,Portobelo,PA,9.55,-79.65,81.0,88,90,5.01,overcast clouds
632,Zhireken,RU,52.82,117.31,64.92,73,100,12.35,overcast clouds
633,Nieuw Amsterdam,SR,5.88,-55.08,73.99,97,99,5.44,light rain
634,Lokachi,UA,50.74,24.65,68.0,67,95,1.01,overcast clouds
635,Gorontalo,ID,0.54,123.06,82.72,78,84,3.53,light rain
636,Bodden Town,KY,19.28,-81.25,82.99,85,99,1.01,overcast clouds
637,Port Hedland,AU,-20.32,118.57,80.6,57,37,19.46,scattered clouds
638,Yar-Sale,RU,66.83,70.83,72.55,71,100,20.67,light rain
639,Gillette,US,44.29,-105.5,71.6,43,1,16.11,clear sky
640,Quatre Cocos,MU,-20.21,57.76,72.0,64,75,17.22,broken clouds
641,Ucluelet,CA,48.93,-125.55,62.01,93,85,5.26,heavy intensity rain
642,Ayan,RU,56.45,138.17,58.96,70,71,13.42,broken clouds
643,Nyrob,RU,60.73,56.72,62.51,59,64,7.7,broken clouds
644,Evensk,RU,61.95,159.23,63.34,50,82,2.8,broken clouds
645,Tawang,IN,27.58,91.87,72.3,62,79,5.26,moderate rain
646,Roma,US,43.21,-75.46,78.8,50,1,5.82,clear sky
647,Mayo,US,38.89,-76.51,80.6,74,75,3.36,broken clouds
648,Kant,IN,27.8,79.8,98.13,46,40,9.6,scattered clouds
649,Presidencia Roque Saenz Pena,AR,-26.79,-60.44,71.38,54,20,7.4,few clouds
650,Tosya,TR,41.02,34.04,63.55,53,0,4.68,clear sky
651,Dryden,CA,49.78,-92.75,55.4,87,1,2.19,clear sky
652,Marzuq,YE,14.4,46.47,80.37,56,98,5.19,light rain
653,Kasongo,CD,-4.45,26.67,75.43,36,43,6.67,scattered clouds
654,Hami,CN,42.8,93.45,97.93,8,100,9.57,overcast clouds
655,Fort Nelson,CA,58.81,-122.7,69.8,68,75,5.82,shower rain
656,Itaituba,BR,-4.28,-55.98,72.95,64,41,0.67,scattered clouds
657,Stokmarknes,NO,68.56,14.91,64.99,63,0,20.8,clear sky
658,Chizhou,CN,30.66,117.48,97.97,50,86,1.48,overcast clouds
659,Crib Point,AU,-38.35,145.2,55.0,74,86,12.37,light rain
660,Iracoubo,GF,5.48,-53.2,75.74,85,77,7.07,broken clouds
661,Mogadishu,SO,2.04,45.34,78.8,65,75,18.34,broken clouds
662,Tanout,NE,14.97,8.89,77.23,76,93,18.45,light rain
663,Kudahuvadhoo,MV,2.67,72.89,83.28,77,100,13.35,overcast clouds
664,Terrak,NO,65.09,12.37,59.0,93,75,3.36,light rain
665,Bastia,FR,42.67,9.33,80.01,83,75,3.36,broken clouds
666,Berdigestyakh,RU,62.1,126.7,80.17,30,19,3.2,few clouds
667,Hammerfest,NO,70.66,23.68,50.0,81,20,10.29,few clouds
668,Calbuco,CL,-41.77,-73.13,53.08,77,100,17.6,overcast clouds
669,Hobyo,SO,5.35,48.53,83.39,60,91,25.86,overcast clouds
670,Kalur Kot,PK,32.16,71.26,105.93,30,0,8.88,clear sky
671,Hargeysa,SO,9.56,44.06,72.63,52,35,34.87,scattered clouds
672,Pafos,CY,34.77,32.42,84.2,58,20,3.36,few clouds
673,Port Hawkesbury,CA,45.62,-61.35,66.2,77,1,8.05,clear sky
674,Shiraoi,JP,42.55,141.35,78.01,83,75,18.34,broken clouds
675,Arklow,IE,52.79,-6.14,50.0,96,1,5.55,clear sky
676,Roald,NO,62.58,6.13,53.6,93,75,8.05,light rain
677,Hays,US,30.05,-98.03,75.99,79,0,6.29,clear sky
678,Cayenne,GF,4.93,-52.33,75.2,100,52,5.68,light rain
679,Kilindoni,TZ,-7.91,39.67,76.64,77,18,18.16,light rain
680,Magadan,RU,59.57,150.8,63.77,56,21,7.16,few clouds
681,Belaya Gora,RU,68.53,146.42,63.37,43,98,10.8,overcast clouds
682,Carmen,MX,18.63,-91.83,82.78,81,100,14.25,moderate rain
683,Tura,IN,25.52,90.22,94.48,56,8,0.87,clear sky
684,Katsuura,JP,35.13,140.3,91.99,52,20,8.05,few clouds
685,Ileza,RU,61.05,43.9,57.76,64,95,4.12,overcast clouds
686,Phatthalung,TH,7.5,100.08,80.6,94,20,5.82,few clouds
687,Boguchany,RU,58.38,97.45,81.39,34,11,5.61,few clouds
688,Tres Lagoas,BR,-20.75,-51.68,64.81,52,0,7.05,clear sky
689,Coahuayana,MX,18.73,-103.68,79.7,86,96,0.67,overcast clouds
690,Carupano,VE,10.67,-63.26,78.01,84,82,8.28,light rain
691,Christchurch,NZ,-43.53,172.63,52.0,93,95,8.05,overcast clouds
692,Dire,ML,12.28,-10.97,71.83,95,75,2.95,light rain
693,Mizan Teferi,ET,6.98,35.58,70.47,60,38,1.57,scattered clouds
694,Dudinka,RU,69.41,86.18,68.0,60,40,8.95,scattered clouds
695,Saint-Pierre,RE,-21.34,55.48,69.8,64,90,18.34,overcast clouds
696,Mahibadhoo,MV,3.78,72.97,82.51,79,100,13.62,light rain
697,Lakes Entrance,AU,-37.88,147.98,60.01,64,98,1.01,overcast clouds
698,Aktash,RU,50.3,87.73,60.24,39,0,4.43,clear sky
699,Telhara,IN,21.03,76.84,87.98,65,100,9.91,overcast clouds
700,Saint-Augustin,CA,51.23,-58.65,62.62,73,54,7.16,broken clouds
701,Ha Tinh,VN,18.33,105.9,85.62,73,97,7.99,overcast clouds
702,Qasigiannguit,GL,68.82,-51.19,41.0,80,7,3.36,clear sky
703,Tahta,EG,26.77,31.5,82.4,23,9,8.05,clear sky
704,Xichang,CN,27.9,102.26,83.43,57,14,1.79,light rain
705,Cedar City,US,37.68,-113.06,75.2,14,1,8.05,clear sky
706,Auki,SB,-8.77,160.7,84.58,70,7,1.7,clear sky
707,Shimoda,JP,34.67,138.95,84.2,70,20,6.93,few clouds
708,Arcata,US,40.87,-124.08,59.0,93,1,2.71,clear sky
709,Suslovo,RU,56.22,88.12,75.97,46,0,7.27,clear sky
